status_id,text
id_0,Climate change is support. We need action now!
id_1,Climate change is crisis. We need action now!
id_2,Climate change is support. We need action now!
id_3,Climate change is extinction. We need action now!
id_4,Climate change is hopeful. We need action now!
id_5,Climate change is extinction. We need action now!
id_6,Climate change is progress. We need action now!
id_7,Climate change is extinction. We need action now!
id_8,Climate change is solutions. We need action now!
id_9,Climate change is disaster. We need action now!
id_10,Climate change is support. We need action now!
id_11,Climate change is pollution. We need action now!
id_12,Climate change is solutions. We need action now!
id_13,Climate change is pollution. We need action now!
id_14,Climate change is solutions. We need action now!
id_15,Climate change is pollution. We need action now!
id_16,Climate change is support. We need action now!
id_17,Climate change is disaster. We need action now!
id_18,Climate change is solutions. We need action now!
id_19,Climate change is meltdown. We need action now!
id_20,Climate change is green future. We need action now!
id_21,Climate change is deforestation. We need action now!
id_22,Climate change is green future. We need action now!
id_23,Climate change is deforestation. We need action now!
id_24,Climate change is solutions. We need action now!
id_25,Climate change is meltdown. We need action now!
id_26,Climate change is clean energy. We need action now!
id_27,Climate change is deforestation. We need action now!
id_28,Climate change is progress. We need action now!
id_29,Climate change is global warming. We need action now!
id_30,Climate change is renewable. We need action now!
id_31,Climate change is global warming. We need action now!
id_32,Climate change is support. We need action now!
id_33,Climate change is global warming. We need action now!
id_34,Climate change is renewable. We need action now!
id_35,Climate change is disaster. We need action now!
id_36,Climate change is green future. We need action now!
id_37,Climate change is rising sea. We need action now!
id_38,Climate change is progress. We need action now!
id_39,Climate change is meltdown. We need action now!
id_40,Climate change is great. We need action now!
id_41,Climate change is global warming. We need action now!
id_42,Climate change is great. We need action now!
id_43,Climate change is disaster. We need action now!
id_44,Climate change is renewable. We need action now!
id_45,Climate change is pollution. We need action now!
id_46,Climate change is green future. We need action now!
id_47,Climate change is disaster. We need action now!
id_48,Climate change is clean energy. We need action now!
id_49,Climate change is rising sea. We need action now!
id_50,Climate change is support. We need action now!
id_51,Climate change is disaster. We need action now!
id_52,Climate change is clean energy. We need action now!
id_53,Climate change is rising sea. We need action now!
id_54,Climate change is clean energy. We need action now!
id_55,Climate change is global warming. We need action now!
id_56,Climate change is solutions. We need action now!
id_57,Climate change is pollution. We need action now!
id_58,Climate change is renewable. We need action now!
id_59,Climate change is disaster. We need action now!
id_60,Climate change is support. We need action now!
id_61,Climate change is pollution. We need action now!
id_62,Climate change is progress. We need action now!
id_63,Climate change is deforestation. We need action now!
id_64,Climate change is clean energy. We need action now!
id_65,Climate change is global warming. We need action now!
id_66,Climate change is hopeful. We need action now!
id_67,Climate change is deforestation. We need action now!
id_68,Climate change is hopeful. We need action now!
id_69,Climate change is pollution. We need action now!
id_70,Climate change is renewable. We need action now!
id_71,Climate change is extinction. We need action now!
id_72,Climate change is progress. We need action now!
id_73,Climate change is rising sea. We need action now!
id_74,Climate change is hopeful. We need action now!
id_75,Climate change is global warming. We need action now!
id_76,Climate change is green future. We need action now!
id_77,Climate change is crisis. We need action now!
id_78,Climate change is great. We need action now!
id_79,Climate change is rising sea. We need action now!
id_80,Climate change is great. We need action now!
id_81,Climate change is crisis. We need action now!
id_82,Climate change is great. We need action now!
id_83,Climate change is global warming. We need action now!
id_84,Climate change is progress. We need action now!
id_85,Climate change is global warming. We need action now!
id_86,Climate change is hopeful. We need action now!
id_87,Climate change is rising sea. We need action now!
id_88,Climate change is hopeful. We need action now!
id_89,Climate change is extinction. We need action now!
id_90,Climate change is solutions. We need action now!
id_91,Climate change is deforestation. We need action now!
id_92,Climate change is renewable. We need action now!
id_93,Climate change is pollution. We need action now!
id_94,Climate change is hopeful. We need action now!
id_95,Climate change is pollution. We need action now!
id_96,Climate change is support. We need action now!
id_97,Climate change is meltdown. We need action now!
id_98,Climate change is progress. We need action now!
id_99,Climate change is extinction. We need action now!
id_100,Climate change is solutions. We need action now!
id_101,Climate change is crisis. We need action now!
id_102,Climate change is support. We need action now!
id_103,Climate change is meltdown. We need action now!
id_104,Climate change is clean energy. We need action now!
id_105,Climate change is extinction. We need action now!
id_106,Climate change is progress. We need action now!
id_107,Climate change is global warming. We need action now!
id_108,Climate change is solutions. We need action now!
id_109,Climate change is global warming. We need action now!
id_110,Climate change is clean energy. We need action now!
id_111,Climate change is crisis. We need action now!
id_112,Climate change is progress. We need action now!
id_113,Climate change is pollution. We need action now!
id_114,Climate change is renewable. We need action now!
id_115,Climate change is rising sea. We need action now!
id_116,Climate change is renewable. We need action now!
id_117,Climate change is pollution. We need action now!
id_118,Climate change is solutions. We need action now!
id_119,Climate change is rising sea. We need action now!
id_120,Climate change is support. We need action now!
id_121,Climate change is disaster. We need action now!
id_122,Climate change is progress. We need action now!
id_123,Climate change is global warming. We need action now!
id_124,Climate change is support. We need action now!
id_125,Climate change is crisis. We need action now!
id_126,Climate change is progress. We need action now!
id_127,Climate change is crisis. We need action now!
id_128,Climate change is clean energy. We need action now!
id_129,Climate change is extinction. We need action now!
id_130,Climate change is progress. We need action now!
id_131,Climate change is disaster. We need action now!
id_132,Climate change is clean energy. We need action now!
id_133,Climate change is global warming. We need action now!
id_134,Climate change is clean energy. We need action now!
id_135,Climate change is rising sea. We need action now!
id_136,Climate change is support. We need action now!
id_137,Climate change is extinction. We need action now!
id_138,Climate change is renewable. We need action now!
id_139,Climate change is meltdown. We need action now!
id_140,Climate change is renewable. We need action now!
id_141,Climate change is extinction. We need action now!
id_142,Climate change is clean energy. We need action now!
id_143,Climate change is deforestation. We need action now!
id_144,Climate change is progress. We need action now!
id_145,Climate change is rising sea. We need action now!
id_146,Climate change is solutions. We need action now!
id_147,Climate change is global warming. We need action now!
id_148,Climate change is renewable. We need action now!
id_149,Climate change is rising sea. We need action now!
id_150,Climate change is clean energy. We need action now!
id_151,Climate change is meltdown. We need action now!
id_152,Climate change is renewable. We need action now!
id_153,Climate change is pollution. We need action now!
id_154,Climate change is renewable. We need action now!
id_155,Climate change is crisis. We need action now!
id_156,Climate change is solutions. We need action now!
id_157,Climate change is extinction. We need action now!
id_158,Climate change is support. We need action now!
id_159,Climate change is pollution. We need action now!
id_160,Climate change is progress. We need action now!
id_161,Climate change is disaster. We need action now!
id_162,Climate change is great. We need action now!
id_163,Climate change is meltdown. We need action now!
id_164,Climate change is solutions. We need action now!
id_165,Climate change is crisis. We need action now!
id_166,Climate change is clean energy. We need action now!
id_167,Climate change is meltdown. We need action now!
id_168,Climate change is hopeful. We need action now!
id_169,Climate change is pollution. We need action now!
id_170,Climate change is progress. We need action now!
id_171,Climate change is crisis. We need action now!
id_172,Climate change is renewable. We need action now!
id_173,Climate change is extinction. We need action now!
id_174,Climate change is renewable. We need action now!
id_175,Climate change is disaster. We need action now!
id_176,Climate change is great. We need action now!
id_177,Climate change is meltdown. We need action now!
id_178,Climate change is progress. We need action now!
id_179,Climate change is deforestation. We need action now!
id_180,Climate change is progress. We need action now!
id_181,Climate change is pollution. We need action now!
id_182,Climate change is support. We need action now!
id_183,Climate change is extinction. We need action now!
id_184,Climate change is support. We need action now!
id_185,Climate change is deforestation. We need action now!
id_186,Climate change is renewable. We need action now!
id_187,Climate change is deforestation. We need action now!
id_188,Climate change is progress. We need action now!
id_189,Climate change is global warming. We need action now!
id_190,Climate change is progress. We need action now!
id_191,Climate change is disaster. We need action now!
id_192,Climate change is clean energy. We need action now!
id_193,Climate change is deforestation. We need action now!
id_194,Climate change is support. We need action now!
id_195,Climate change is crisis. We need action now!
id_196,Climate change is renewable. We need action now!
id_197,Climate change is deforestation. We need action now!
id_198,Climate change is solutions. We need action now!
id_199,Climate change is deforestation. We need action now!
id_200,Climate change is clean energy. We need action now!
id_201,Climate change is extinction. We need action now!
id_202,Climate change is support. We need action now!
id_203,Climate change is pollution. We need action now!
id_204,Climate change is renewable. We need action now!
id_205,Climate change is meltdown. We need action now!
id_206,Climate change is clean energy. We need action now!
id_207,Climate change is extinction. We need action now!
id_208,Climate change is progress. We need action now!
id_209,Climate change is crisis. We need action now!
id_210,Climate change is progress. We need action now!
id_211,Climate change is rising sea. We need action now!
id_212,Climate change is green future. We need action now!
id_213,Climate change is deforestation. We need action now!
id_214,Climate change is great. We need action now!
id_215,Climate change is pollution. We need action now!
id_216,Climate change is solutions. We need action now!
id_217,Climate change is pollution. We need action now!
id_218,Climate change is clean energy. We need action now!
id_219,Climate change is global warming. We need action now!
id_220,Climate change is clean energy. We need action now!
id_221,Climate change is disaster. We need action now!
id_222,Climate change is great. We need action now!
id_223,Climate change is rising sea. We need action now!
id_224,Climate change is solutions. We need action now!
id_225,Climate change is extinction. We need action now!
id_226,Climate change is clean energy. We need action now!
id_227,Climate change is global warming. We need action now!
id_228,Climate change is great. We need action now!
id_229,Climate change is meltdown. We need action now!
id_230,Climate change is great. We need action now!
id_231,Climate change is disaster. We need action now!
id_232,Climate change is great. We need action now!
id_233,Climate change is crisis. We need action now!
id_234,Climate change is hopeful. We need action now!
id_235,Climate change is global warming. We need action now!
id_236,Climate change is hopeful. We need action now!
id_237,Climate change is extinction. We need action now!
id_238,Climate change is progress. We need action now!
id_239,Climate change is global warming. We need action now!
id_240,Climate change is progress. We need action now!
id_241,Climate change is deforestation. We need action now!
id_242,Climate change is progress. We need action now!
id_243,Climate change is extinction. We need action now!
id_244,Climate change is support. We need action now!
id_245,Climate change is deforestation. We need action now!
id_246,Climate change is great. We need action now!
id_247,Climate change is crisis. We need action now!
id_248,Climate change is clean energy. We need action now!
id_249,Climate change is extinction. We need action now!
id_250,Climate change is renewable. We need action now!
id_251,Climate change is disaster. We need action now!
id_252,Climate change is great. We need action now!
id_253,Climate change is crisis. We need action now!
id_254,Climate change is support. We need action now!
id_255,Climate change is extinction. We need action now!
id_256,Climate change is support. We need action now!
id_257,Climate change is deforestation. We need action now!
id_258,Climate change is clean energy. We need action now!
id_259,Climate change is deforestation. We need action now!
id_260,Climate change is support. We need action now!
id_261,Climate change is global warming. We need action now!
id_262,Climate change is great. We need action now!
id_263,Climate change is crisis. We need action now!
id_264,Climate change is renewable. We need action now!
id_265,Climate change is crisis. We need action now!
id_266,Climate change is solutions. We need action now!
id_267,Climate change is meltdown. We need action now!
id_268,Climate change is hopeful. We need action now!
id_269,Climate change is deforestation. We need action now!
id_270,Climate change is hopeful. We need action now!
id_271,Climate change is rising sea. We need action now!
id_272,Climate change is great. We need action now!
id_273,Climate change is extinction. We need action now!
id_274,Climate change is solutions. We need action now!
id_275,Climate change is meltdown. We need action now!
id_276,Climate change is renewable. We need action now!
id_277,Climate change is extinction. We need action now!
id_278,Climate change is support. We need action now!
id_279,Climate change is disaster. We need action now!
id_280,Climate change is hopeful. We need action now!
id_281,Climate change is meltdown. We need action now!
id_282,Climate change is great. We need action now!
id_283,Climate change is extinction. We need action now!
id_284,Climate change is green future. We need action now!
id_285,Climate change is global warming. We need action now!
id_286,Climate change is progress. We need action now!
id_287,Climate change is pollution. We need action now!
id_288,Climate change is clean energy. We need action now!
id_289,Climate change is crisis. We need action now!
id_290,Climate change is great. We need action now!
id_291,Climate change is pollution. We need action now!
id_292,Climate change is support. We need action now!
id_293,Climate change is deforestation. We need action now!
id_294,Climate change is solutions. We need action now!
id_295,Climate change is pollution. We need action now!
id_296,Climate change is clean energy. We need action now!
id_297,Climate change is meltdown. We need action now!
id_298,Climate change is hopeful. We need action now!
id_299,Climate change is extinction. We need action now!
id_300,Climate change is clean energy. We need action now!
id_301,Climate change is crisis. We need action now!
id_302,Climate change is support. We need action now!
id_303,Climate change is deforestation. We need action now!
id_304,Climate change is progress. We need action now!
id_305,Climate change is pollution. We need action now!
id_306,Climate change is clean energy. We need action now!
id_307,Climate change is global warming. We need action now!
id_308,Climate change is green future. We need action now!
id_309,Climate change is rising sea. We need action now!
id_310,Climate change is solutions. We need action now!
id_311,Climate change is crisis. We need action now!
id_312,Climate change is support. We need action now!
id_313,Climate change is deforestation. We need action now!
id_314,Climate change is clean energy. We need action now!
id_315,Climate change is pollution. We need action now!
id_316,Climate change is clean energy. We need action now!
id_317,Climate change is meltdown. We need action now!
id_318,Climate change is solutions. We need action now!
id_319,Climate change is extinction. We need action now!
id_320,Climate change is renewable. We need action now!
id_321,Climate change is pollution. We need action now!
id_322,Climate change is clean energy. We need action now!
id_323,Climate change is crisis. We need action now!
id_324,Climate change is green future. We need action now!
id_325,Climate change is deforestation. We need action now!
id_326,Climate change is green future. We need action now!
id_327,Climate change is global warming. We need action now!
id_328,Climate change is progress. We need action now!
id_329,Climate change is global warming. We need action now!
id_330,Climate change is green future. We need action now!
id_331,Climate change is global warming. We need action now!
id_332,Climate change is renewable. We need action now!
id_333,Climate change is crisis. We need action now!
id_334,Climate change is progress. We need action now!
id_335,Climate change is disaster. We need action now!
id_336,Climate change is great. We need action now!
id_337,Climate change is meltdown. We need action now!
id_338,Climate change is progress. We need action now!
id_339,Climate change is global warming. We need action now!
id_340,Climate change is hopeful. We need action now!
id_341,Climate change is extinction. We need action now!
id_342,Climate change is progress. We need action now!
id_343,Climate change is global warming. We need action now!
id_344,Climate change is renewable. We need action now!
id_345,Climate change is crisis. We need action now!
id_346,Climate change is solutions. We need action now!
id_347,Climate change is global warming. We need action now!
id_348,Climate change is renewable. We need action now!
id_349,Climate change is pollution. We need action now!
id_350,Climate change is solutions. We need action now!
id_351,Climate change is global warming. We need action now!
id_352,Climate change is green future. We need action now!
id_353,Climate change is crisis. We need action now!
id_354,Climate change is solutions. We need action now!
id_355,Climate change is rising sea. We need action now!
id_356,Climate change is green future. We need action now!
id_357,Climate change is pollution. We need action now!
id_358,Climate change is green future. We need action now!
id_359,Climate change is rising sea. We need action now!
id_360,Climate change is renewable. We need action now!
id_361,Climate change is pollution. We need action now!
id_362,Climate change is clean energy. We need action now!
id_363,Climate change is crisis. We need action now!
id_364,Climate change is solutions. We need action now!
id_365,Climate change is pollution. We need action now!
id_366,Climate change is clean energy. We need action now!
id_367,Climate change is global warming. We need action now!
id_368,Climate change is great. We need action now!
id_369,Climate change is disaster. We need action now!
id_370,Climate change is clean energy. We need action now!
id_371,Climate change is pollution. We need action now!
id_372,Climate change is green future. We need action now!
id_373,Climate change is meltdown. We need action now!
id_374,Climate change is hopeful. We need action now!
id_375,Climate change is pollution. We need action now!
id_376,Climate change is support. We need action now!
id_377,Climate change is pollution. We need action now!
id_378,Climate change is clean energy. We need action now!
id_379,Climate change is global warming. We need action now!
id_380,Climate change is clean energy. We need action now!
id_381,Climate change is crisis. We need action now!
id_382,Climate change is green future. We need action now!
id_383,Climate change is disaster. We need action now!
id_384,Climate change is green future. We need action now!
id_385,Climate change is extinction. We need action now!
id_386,Climate change is great. We need action now!
id_387,Climate change is extinction. We need action now!
id_388,Climate change is green future. We need action now!
id_389,Climate change is disaster. We need action now!
id_390,Climate change is solutions. We need action now!
id_391,Climate change is disaster. We need action now!
id_392,Climate change is great. We need action now!
id_393,Climate change is global warming. We need action now!
id_394,Climate change is clean energy. We need action now!
id_395,Climate change is crisis. We need action now!
id_396,Climate change is progress. We need action now!
id_397,Climate change is meltdown. We need action now!
id_398,Climate change is clean energy. We need action now!
id_399,Climate change is extinction. We need action now!
id_400,Climate change is solutions. We need action now!
id_401,Climate change is rising sea. We need action now!
id_402,Climate change is green future. We need action now!
id_403,Climate change is crisis. We need action now!
id_404,Climate change is solutions. We need action now!
id_405,Climate change is pollution. We need action now!
id_406,Climate change is green future. We need action now!
id_407,Climate change is meltdown. We need action now!
id_408,Climate change is progress. We need action now!
id_409,Climate change is disaster. We need action now!
id_410,Climate change is support. We need action now!
id_411,Climate change is deforestation. We need action now!
id_412,Climate change is renewable. We need action now!
id_413,Climate change is deforestation. We need action now!
id_414,Climate change is green future. We need action now!
id_415,Climate change is pollution. We need action now!
id_416,Climate change is green future. We need action now!
id_417,Climate change is global warming. We need action now!
id_418,Climate change is great. We need action now!
id_419,Climate change is disaster. We need action now!
id_420,Climate change is support. We need action now!
id_421,Climate change is pollution. We need action now!
id_422,Climate change is hopeful. We need action now!
id_423,Climate change is rising sea. We need action now!
id_424,Climate change is renewable. We need action now!
id_425,Climate change is extinction. We need action now!
id_426,Climate change is support. We need action now!
id_427,Climate change is disaster. We need action now!
id_428,Climate change is renewable. We need action now!
id_429,Climate change is rising sea. We need action now!
id_430,Climate change is support. We need action now!
id_431,Climate change is meltdown. We need action now!
id_432,Climate change is renewable. We need action now!
id_433,Climate change is disaster. We need action now!
id_434,Climate change is great. We need action now!
id_435,Climate change is crisis. We need action now!
id_436,Climate change is renewable. We need action now!
id_437,Climate change is deforestation. We need action now!
id_438,Climate change is progress. We need action now!
id_439,Climate change is extinction. We need action now!
id_440,Climate change is clean energy. We need action now!
id_441,Climate change is disaster. We need action now!
id_442,Climate change is solutions. We need action now!
id_443,Climate change is rising sea. We need action now!
id_444,Climate change is support. We need action now!
id_445,Climate change is global warming. We need action now!
id_446,Climate change is clean energy. We need action now!
id_447,Climate change is pollution. We need action now!
id_448,Climate change is solutions. We need action now!
id_449,Climate change is rising sea. We need action now!
id_450,Climate change is clean energy. We need action now!
id_451,Climate change is rising sea. We need action now!
id_452,Climate change is great. We need action now!
id_453,Climate change is pollution. We need action now!
id_454,Climate change is renewable. We need action now!
id_455,Climate change is pollution. We need action now!
id_456,Climate change is renewable. We need action now!
id_457,Climate change is rising sea. We need action now!
id_458,Climate change is green future. We need action now!
id_459,Climate change is rising sea. We need action now!
id_460,Climate change is support. We need action now!
id_461,Climate change is pollution. We need action now!
id_462,Climate change is clean energy. We need action now!
id_463,Climate change is rising sea. We need action now!
id_464,Climate change is support. We need action now!
id_465,Climate change is deforestation. We need action now!
id_466,Climate change is green future. We need action now!
id_467,Climate change is crisis. We need action now!
id_468,Climate change is support. We need action now!
id_469,Climate change is deforestation. We need action now!
id_470,Climate change is green future. We need action now!
id_471,Climate change is extinction. We need action now!
id_472,Climate change is solutions. We need action now!
id_473,Climate change is disaster. We need action now!
id_474,Climate change is solutions. We need action now!
id_475,Climate change is rising sea. We need action now!
id_476,Climate change is renewable. We need action now!
id_477,Climate change is extinction. We need action now!
id_478,Climate change is renewable. We need action now!
id_479,Climate change is global warming. We need action now!
id_480,Climate change is solutions. We need action now!
id_481,Climate change is global warming. We need action now!
id_482,Climate change is green future. We need action now!
id_483,Climate change is disaster. We need action now!
id_484,Climate change is renewable. We need action now!
id_485,Climate change is pollution. We need action now!
id_486,Climate change is great. We need action now!
id_487,Climate change is extinction. We need action now!
id_488,Climate change is solutions. We need action now!
id_489,Climate change is rising sea. We need action now!
id_490,Climate change is renewable. We need action now!
id_491,Climate change is global warming. We need action now!
id_492,Climate change is renewable. We need action now!
id_493,Climate change is pollution. We need action now!
id_494,Climate change is green future. We need action now!
id_495,Climate change is crisis. We need action now!
id_496,Climate change is great. We need action now!
id_497,Climate change is disaster. We need action now!
id_498,Climate change is support. We need action now!
id_499,Climate change is disaster. We need action now!
